工事コード,名称,摘要,単位,発注単価,見積単価,数量根拠
1,仮設工事,,式,0,0,
2,基礎工事,,式,0,0,
3,木工事,,式,0,0,
4,断熱工事,,式,0,0,
5,屋根工事,,式,0,0,
6,板金・樋工事,,式,0,0,
7,外部建具工事,,式,0,0,
8,内部建具工事,,式,0,0,
9,外装工事,,式,0,0,※金属工事から変更
10,左官工事,,式,0,0,
11,タイル工事,,式,0,0,
12,塗装工事,,式,0,0,※新規追加
13,内装工事,,式,0,0,
14,住宅設備機器工事,,式,0,0,
15,給排水設備工事,,式,0,0,
16,電気設備工事,,式,0,0,
17,換気システム工事,,式,0,0,
18,エアコン工事,,式,0,0,
19,太陽光発電システム工事,,式,0,0,※新規追加
20,造作家具工事,,式,0,0,
21,雑工事,,式,0,0,
22,管理費,,式,0,0,※新規追加（経費率3%/2%）
23,屋外付帯工事,,式,0,0,
24,諸費用,,式,0,0,
10001,外部足場組,養生ﾈｯﾄ等含む,㎡,600,900,見付面積
10002,仮設ﾄｲﾚ,,式,25000,35800,
10003,廃材処分費,,㎡,1000,1500,施工床面積
10004,運搬費,,㎡,500,720,施工床面積
10005,駐車場代,※駐車スペースある場合もマイナスしない,式,120000,171500,
10006,基礎廻り養生ｼｰﾄ,,式,16000,22900,
10007,安全対策費,120㎡以下,式,100000,142900,※面積帯で変動
10008,安全対策費,180㎡以下,式,150400,214900,※面積帯で変動
10009,安全対策費,180㎡超,式,200800,286800,※面積帯で変動
10010,整地費用,※整地不要の場合もマイナスしない,式,35000,50000,
20001,水盛り･遣方,,式,20000,28600,
20002,ﾍﾞﾀ基礎,,㎡,19700,28200,基礎伏図ﾍﾞﾀ基礎面積※ない場合は1F部屋面積から集
20003,人通口補強,60㎡以下,式,96000,137200,※一式計上に変更
20004,人通口補強,60㎡超過分,㎡,1600,2300,※超過分は㎡計上
20005,下地土間ｺﾝｸﾘｰﾄ,玄関･ﾎﾟｰﾁ,㎡,4000,5800,土間ﾀｲﾌﾟの部屋･ﾎﾟｰﾁ･犬走面積から集計
20006,ﾎﾟﾝﾌﾟ車,,台,40000,57200,
20007,深基礎,高低差450㎜以下,ｍ,8000,11500,
20008,布基礎,,ｍ,15760,22600,※新規追加
30001,1階床 無垢ﾌﾛｰﾘﾝｸﾞ（標準）,北恵　※施工費込,坪,21800,31200,
30002,2階床 ﾌﾛｰﾘﾝｸﾞ貼,朝日ｳｯﾄﾞﾃｯｸ MRX3P,坪,8000,11500,
30003,R階床 ﾌﾛｰﾘﾝｸﾞ,朝日ｳｯﾄﾞﾃｯｸ MRX3P,坪,8000,11500,
30004,水廻り床,ｲｸﾀ ｸﾙｰﾄﾞﾌﾛｰﾘﾝｸﾞ　※ｼﾞｮｲﾝﾄｼｰﾙ施工,坪,14000,20000,
30005,【ALL金物工法】木造構造材･羽柄材･ﾌﾟﾚｶｯﾄ,基本　本体+付帯,坪,72000,102900,
30006,金物費捻出,,式,-60000,-85800,
30007,割増A：建物難易度,外部入隅の数,ヶ所,15000,21500,
30008,割増B：2階比,1階-2階,坪,2500,3600,
30009,化粧柱,化粧柱[個数],本,12000,17200,※新規追加
30010,金物費,,式,60000,85800,
30011,遠方割増,都度計算　※岡崎市等,式,0,0,
30012,構造追加費,基本の5％ﾍﾞｰｽ,式,127900,182800,※単価更新
30013,ﾋﾟｱﾉ室床補強,大引@455/床束追加,式,32900,47000,
30014,下地材,基本,坪,26000,37200,
30015,下地材(割増),入隅ヶ所数,ヶ所,10000,14300,
30016,軒天無し,ｱｽﾉﾝ8㎜　無塗装板,式,-10000,-14300,
30017,養生費・補修費捻出,,式,-100000,-142900,
30018,玄関框,ﾌﾟﾚｲﾘｰﾎｰﾑｽﾞｽﾏｰﾄ框,本,10000,14300,ｶﾏﾁ長さから集計
30019,上框(挽板･無垢床用),W6尺 床合わせ面材貼り,本,13000,18600,
30020,床組無し(内部土間床),内部土間床･ｲﾝﾅｰｶﾞﾚｰｼﾞ･外部収納等,㎡,-2000,-2900,
30021,階段(1～2階),標準箱型6段回り以下,ｾｯﾄ,106000,151500,
30022,階段手摺,丸棒手摺（金具ｶﾜｼﾞｭﾝ）,ｾｯﾄ,30400,43500,
30023,枕棚+ﾊﾟｲﾌﾟ,W6尺以下,ヶ所,12000,17200,
30024,下地補強,,ヶ所,20000,28600,
30025,笠木,ｺﾞﾑ集成材　ｳﾚﾀﾝ塗装,本,14000,20000,笠木長+手摺(内部)長さから集計
30026,大壁和室造作材,付鴨居無し,㎡,6000,8600,
30027,床上げ用材料（框別）,,㎡,6000,8600,※新規追加
30028,中段・枕棚ｾｯﾄ,W6尺以下,ヶ所,16000,22900,
30029,下地補強,小物用　掛け軸用,ヶ所,3000,4300,床柱 本数から集計
30030,鋼板屋根遮音下地,ﾋﾞﾙﾎﾞｰﾄﾞ9㎜,㎡,750,1100,※条件01関係なく計上の場合あり
30031,外壁透湿防水シート,ﾀｲﾍﾞｯｸ（ﾄﾞﾚｲﾝﾗｯﾌﾟ又はﾊｳｽﾗｯﾌﾟ）,㎡,500,800,
30032,耐力面材,ﾀﾞｲﾗｲﾄ MS9,枚,3000,4300,外壁面積から集計
30033,制震ﾀﾞﾝﾊﾟｰ,MIRAIE,本,60500,86500,
30034,窓枠(掃出し3方､中連4方),LIXIL　ﾗｼｯｻS　ｽﾏｰﾄ10　,本,2900,4200,外部戸の左右+幅長さ､外部窓の上下左右長さ
30035,化粧巾木,LIXIL　ﾗｲﾝ巾木,本,1450,2100,立体ﾃﾞｰﾀから集計(巾木長)
30036,ﾆｯﾁ,材工+ｸﾛｽ,ヶ所,18000,25800,
30037,FB手摺りﾊｰﾌ×0.5,FB手すりﾊｰﾌ[個数],ｾｯﾄ,123200,176000,※新規追加
30038,換気部材（一般用・破風レス対応）,軒+ケラバ長さ換算追加,ｍ,1500,2200,
30039,床ｶﾞﾗﾘ変更,樹脂→オーク無垢（無塗装）,ヶ所,0,0,
30040,床ｶﾞﾗﾘ変更,塗装費のみ,式,20300,29000,
30041,アーチ垂れ壁　3尺　室内,材工+ｸﾛｽ,ヶ所,35000,50000,※新規追加
30042,小屋裏耐力面材：屋根勾配3寸以下,ダイライトMS9片面張,式,20000,28600,
30043,小屋裏耐力面材：屋根勾配3寸超6寸未満,ダイライトMS9片面張,式,40000,57200,※新規追加
30044,床養生費,,式,50000,71500,
30045,補修費,,式,50000,71500,
30046,LDK下がり天井造作下地材,,ｍ,5000,7200,
30047,垂れ壁　水平,3尺　クロス仕上,ヶ所,8000,11500,
30048,床ﾌﾛｱﾀｲﾙ下地 合板,910×1820 12㎜,枚,1300,1900,※新規追加
30049,床見切,,本,5000,7200,※新規追加
30050,縦格子,材工　参考（DAIKEN 縦格子ﾕﾆｯﾄ）,ヶ所,112000,160000,※新規追加
30051,ししまるくんﾇｯｸｽﾍﾟｰｽ造作追加,材工,式,40000,57200,※新規追加
30052,ﾗﾝﾄﾞﾘｰﾛｰﾌﾟ,KAWAJUN SE-149-SC ﾎﾜｲﾄ,ｾｯﾄ,11000,15800,※新規追加
30053,ﾗﾝﾄﾞﾘｰﾛｰﾌﾟ施工費,KAWAJUN SE-149-SC ﾎﾜｲﾄ,式,3000,4300,※新規追加
30054,天井埋込ｶｰﾃﾝBOX造作,W2700,ヶ所,19200,27500,※新規追加
30055,ﾄｲﾚ壁ﾆｯﾁ,材工,ヶ所,16000,22900,※新規追加
30056,●33調整分,,式,0,475000,見積調整用
30057,電気設備用点検口,300角　材工,個,12000,17200,
30058,縦手摺,材工　 LIXIL手すりﾗｳﾝﾄﾞﾀｲﾌﾟ I型 L600ｴﾝﾄﾞﾌﾞﾗｹｯﾄ納め,ヶ所,11000,15800,
30059,標準外工事,横引き延長配管,ｍ,2000,2900,※木工事内エアコン関連
30060,標準外工事,曲がり1カ所,ヶ所,2000,2900,※木工事内エアコン関連
30101,基本手間,【ALL金物工法】,坪,30000,42900,施工床面積
30102,外周入隅（玄関は基本に含む・袖壁は必要）,,ヶ所,5000,7200,
30103,ﾍﾞﾗﾝﾀﾞ･ﾎﾟｰﾁ･ﾃﾗｽ,,㎡,6000,8600,
30104,新ﾃﾝﾌﾟﾚｰﾄ用調整費,,式,100000,142900,
30105,片引き戸造作手間,,ヶ所,11000,15800,
30106,下屋,床㎡(1階-2階) 6寸未満,㎡,2000,2900,
30107,外部耐力面材貼り(ﾀﾞｲﾗｲﾄ),床㎡,㎡,1000,1500,
30108,軒天下地,5㎡まで基本に含む,㎡,1000,1500,※新規追加
30109,軒天張り手間,5㎡まで基本に含む,㎡,1000,1500,※新規追加
30110,中段･枕棚取付,基本 4ヶ所,ヶ所,3000,4300,
30111,ｸﾛｰｾﾞｯﾄ･収納･WIC造作,基本 4ヶ所,ヶ所,8000,11500,
30112,床の間･仏間造作,,ヶ所,9000,12900,
30113,階段（非フルプレカット）,,ヶ所,20000,28600,
30114,階段下収納・トイレ　造作,,ヶ所,20000,28600,
30115,床ガラリ取付,,ヶ所,2000,2900,
30116,壁・天井　断熱材手間　,床㎡換算,㎡,500,800,
30117,省令準耐火手間代,,㎡,1000,1500,
30118,床上げ加工,畳ｺｰﾅｰ・小上がり・ｽｷｯﾌﾟﾌﾛｱ,㎡,4000,5800,※新規追加
30119,壁ふかし工事,材工,ｍ,18000,25800,※新規追加
30120,建て方ﾚｯｶｰ費,,式,55000,78600,定数1式
30121,【含み予算】瑕疵担保責任保険 JIO,基本(100㎡未満),式,50000,71500,
30122,【含み予算】瑕疵担保責任保険 JIO,100㎡以上の追加分,㎡,400,580,
30123,【含み予算】二次防水検査費用,JIO,式,15000,21500,
30124,【含み予算】地盤調査･保証,JHS 20年保証+液状化,式,75000,107200,
30125,【含み予算】設備保証,延長10年 Solvvy,式,52000,74300,
30126,【含み予算】地震保証,ｱｾｯﾄｼﾞｬﾊﾟﾝ,式,95000,135800,
30127,【含み予算】現場調査費,,式,60000,85800,定数1式
30128,LDK下がり天井造作,追加手間,ｍ,5000,7200,
30129,●33調整分（大工手間）,,式,0,475000,見積調整用
40001,壁断熱材,ﾊﾟｰﾌｪｸﾄﾊﾞﾘｱ 13K106㎜,㎡,1450,2100,外気に接する桁下まで面積から集計
40002,天井断熱材,ﾊﾟｰﾌｪｸﾄﾊﾞﾘｱ 13K240㎜,㎡,3480,5000,屋根下部屋面積から水平投影面積で集計
40003,2階直下天井吸音材,ﾊﾟｰﾌｪｸﾄﾊﾞﾘｱ 10K70㎜,㎡,660,950,
40004,基礎断熱 外周立上り(内側),ｶﾈﾗｲﾄﾌｫｰﾑFX t50　ﾌﾟﾚｶｯﾄ品を3'×6'品単価に,枚,2900,4200,
40005,基礎断熱 外周土間,ｶﾈﾗｲﾄﾌｫｰﾑFX t50　3'×6'品素材単価,枚,2650,3800,
40006,内部土間床,ｶﾈﾗｲﾄﾌｫｰﾑFX t50　3'×6'品素材単価,枚,2650,3800,
40007,内部・ポーチ部土間床,ｶﾈﾗｲﾄﾌｫｰﾑ　ｽｰﾊﾟｰE-Ⅰ・t=100㎜,枚,3200,4600,
40008,可変透湿気密ｼｰﾄ,すかっとｼｰﾄﾌﾟﾚﾐｱﾑ,本,22500,32200,
40009,気密ﾃｰﾌﾟ 20m/巻,20巻/ｹｰｽ,ｹｰｽ,14000,20000,
40010,気密ｼｰﾄ貼り手間,,㎡,500,720,
40011,気流止め 断熱材充填,,㎡,250,360,
40012,気密手間,大工手間,坪,2000,2900,
50001,小屋裏換気(鋼板屋根用),,㎡,800,1200,※条件01=1の場合
50002,小屋裏換気(瓦屋根用),,㎡,350,500,※条件01=0の場合（新規追加）
50003,鋼板屋根　荷揚げ費,,式,25000,35800,※条件01=1の場合
50004,SGL鋼板 たてひら葺,ﾆｽｸｶﾗｰPro ※唐草･棟含む,㎡,4950,7100,※条件01=1の場合
50005,平板瓦葺（切妻/寄棟）,ｾﾗﾑFF程度　標準勾配　ｼｽﾃﾑ瓦対応,㎡,5000,7200,※条件01=0の場合（新規追加）
60001,軒樋,ﾕﾆｼｪｲﾌﾟUST140,ｍ,2800,4000,屋根S 軒樋長さから集計 ※ない場合は簡易計算
60002,集水器,,ヶ所,2000,2900,屋根S 集水器数から集計 ※ない場合は簡易計算
60003,竪樋,ﾕﾆｼｪｲﾌﾟURT60,ｍ,1600,2300,屋根S 竪樋長さから集計 ※ない場合は簡易計算
70001,玄関ドア　片開き　手動錠,LIXIL ｼﾞｴｽﾀ2 M22型　K2仕様　ｱﾙﾐ色/木目調,ｾｯﾄ,113700,162500,
70002,玄関ドア　片開き　手動錠,YKKapヴェナートD30　F01N 型　D2仕様,ｾｯﾄ,98900,141300,※YKKap追加
70003,電気錠　LIXIL　ファミロック,タグキー基本セット+収納リモコン2個セット　電源共,ｾｯﾄ,47200,67500,
70004,電気錠　YKKap,ポケットキー　電源共,ｾｯﾄ,41200,58900,※YKKap追加
70005,FIX窓（F）　07409,標準樹脂ｻｯｼ(ﾄﾘﾌﾟﾙ)YKKap『APW430』,ｾｯﾄ,19500,27900,※YKKap追加
70006,FIX窓（F）　11909,標準樹脂ｻｯｼ(ﾄﾘﾌﾟﾙ)YKKap『APW430』,ｾｯﾄ,26700,38200,※YKKap追加
70007,FIX窓（F）　16003,標準樹脂ｻｯｼ(ﾄﾘﾌﾟﾙ)LIXIL『EW』,ｾｯﾄ,17900,25600,
70008,FIX窓（F）　16003,標準樹脂ｻｯｼ(ﾄﾘﾌﾟﾙ)YKKap『APW430』,ｾｯﾄ,17900,25600,※YKKap追加
70009,単体引違い窓（HH）　16005,標準樹脂ｻｯｼ(ﾄﾘﾌﾟﾙ)YKKap『APW430』,ｾｯﾄ,36500,52200,※YKKap追加
70010,単体引違い窓（HH）　16009,標準樹脂ｻｯｼ(ﾄﾘﾌﾟﾙ)LIXIL『EW』,ｾｯﾄ,46200,66000,
70011,単体引違い窓（HH）　16009,標準樹脂ｻｯｼ(ﾄﾘﾌﾟﾙ)YKKap『APW430』,ｾｯﾄ,46200,66000,※YKKap追加
70012,単体引違い窓（HH）　16020,標準樹脂ｻｯｼ(ﾄﾘﾌﾟﾙ)LIXIL『EW』,ｾｯﾄ,90500,129300,
70013,単体引違い窓（HH）　16520,標準樹脂ｻｯｼ(ﾄﾘﾌﾟﾙ)LIXIL『EW』,ｾｯﾄ,90500,129300,
70014,★単体引違い窓（HH）　25122-2　ｻﾎﾟｰﾄﾊﾝﾄﾞﾙ,標準樹脂ｻｯｼ(ﾄﾘﾌﾟﾙ)YKKap『APW430』,ｾｯﾄ,207200,296000,※YKKap追加（大判ガラス）
70015,単体引違い窓（HH）　25620-2　ｱｼｽﾄ把手,標準樹脂ｻｯｼ(ﾄﾘﾌﾟﾙ)LIXIL『EW』,ｾｯﾄ,165000,235800,
70016,大判ｶﾞﾗｽ施工費,H22以上(★印サッシ),式,55800,79800,※新規追加
70017,内外観ブラック色　追加費用,YKKap『APW430/431』,式,44700,63900,※新規追加
80001,可動棚5枚 W3.0尺･D450まで,材工,ヶ所,39200,56000,
80002,可動棚5枚 W4.5尺･D450まで,材工,ヶ所,40000,57200,
80003,可動棚5枚 W6.0尺･D450まで,材工,ヶ所,48000,68600,
80004,可動棚5枚　W6.0尺・ﾌｨｯﾄﾗｯｸ（SC619a）,材工,ヶ所,54200,77500,
80005,可動棚5枚　W3.0尺・ﾌｨｯﾄﾗｯｸ（SC319a）,材工,ヶ所,28700,41000,
80006,可動棚10枚　W4.5尺・ﾌｨｯﾄﾗｯｸ（SC419a）,材工,ヶ所,82800,118400,※新規追加
80007,標準ﾄﾞｱ　ﾊﾟﾈﾙﾀｲﾌﾟ　LAA　ｼｰｸﾚｯﾄﾄﾞｱｽﾄｯﾊﾟｰ,LIXIL　ﾗｼｯｻS,ｾｯﾄ,18900,27000,
80008,標準ﾄﾞｱ　ｶﾞﾗｽﾀｲﾌﾟ　LGA　ｼｰｸﾚｯﾄﾄﾞｱｽﾄｯﾊﾟｰ,LIXIL　ﾗｼｯｻS,ｾｯﾄ,29300,41900,
80009,標準ﾄｲﾚﾄﾞｱ　LAA　表示錠・明り採り付 ｼｰｸﾚｯﾄﾄﾞｱｽﾄｯﾊﾟ,LIXIL　ﾗｼｯｻS　W特寸,ｾｯﾄ,31500,45000,
80010,片引戸ﾄｲﾚ　上吊　LAA　表示錠・明り採り付　Wｿﾌﾄﾓｰｼｮﾝ,LIXIL　ﾗｼｯｻS,ｾｯﾄ,30500,43600,※新規追加
80011,標準片引戸　上吊　ﾊﾟﾈﾙﾀｲﾌﾟ　LAA　Wｿﾌﾄﾓｰｼｮﾝ,LIXIL　ﾗｼｯｻS,ｾｯﾄ,28200,40300,
80012,標準ｱｳﾄｾｯﾄ片引戸　ﾊﾟﾈﾙﾀｲﾌﾟ　LAA　Wｿﾌﾄﾓｰｼｮﾝ,LIXIL　ﾗｼｯｻS,ｾｯﾄ,22700,32500,
80013,標準ｸﾛｰｾﾞｯﾄﾄﾞｱ　折戸　ﾉﾝﾚｰﾙ　LAA　W3尺,LIXIL　ﾗｼｯｻS,ｾｯﾄ,17400,24900,※サイズ追加
80014,標準ｸﾛｰｾﾞｯﾄﾄﾞｱ　折戸　ﾉﾝﾚｰﾙ　LAA　W6尺,LIXIL　ﾗｼｯｻS,ｾｯﾄ,28500,40800,
80015,標準両開き戸　収納　3尺,LIXIL　ﾗｼｯｻS,ｾｯﾄ,15700,22500,
80016,標準ﾄﾞｱ　RGV　ﾗｲﾝ枠　ｼｰｸﾚｯﾄﾄﾞｱｽﾄｯﾊﾟｰ,LIXIL　ﾗﾌｨｽ,ｾｯﾄ,68400,97800,
80017,標準片引戸　RAA　ｶﾞｲﾄﾞﾋﾟﾝ　Wｿﾌﾄﾓｰｼｮﾝ,LIXIL　ﾗﾌｨｽ,ｾｯﾄ,53800,76900,※新規追加
80018,標準片引戸+表示錠　RAA　ｶﾞｲﾄﾞﾋﾟﾝ　Wｿﾌﾄﾓｰｼｮﾝ,LIXIL　ﾗﾌｨｽ,ｾｯﾄ,56100,80200,※新規追加
80019,標準ｸﾛｰｾﾞｯﾄﾄﾞｱ　ﾉﾝﾚｰﾙ　6.0尺折戸　RAD,LIXIL　ﾗﾌｨｽ,ｾｯﾄ,59100,84500,※新規追加
80020,片引戸　RAA　天井埋込,LIXIL　ﾗﾌｨｽ,ｾｯﾄ,37700,53900,※新規追加
80021,片引戸　RZA　天井埋込　Wｿﾌﾄﾓｰｼｮﾝ,LIXIL　ﾗﾌｨｽ　ｱﾙﾐｶﾞﾗｽ建具 ｸﾘｱｸﾞﾚｰ/ﾌﾛｽﾄ,ヶ所,83820,119800,※新規追加
80022,室内窓　LIXIL ﾃﾞｺﾏﾄﾞ,（特寸）,ヶ所,37100,53100,※新規追加
80023,収納棚　ししまるくんﾇｯｸｽﾍﾟｰｽ上部,材工　ｱｲｶ ﾎﾟｽﾄﾌｫｰﾑｶｳﾝﾀｰ KLA□4DV,枚,26600,38000,※新規追加
80024,ﾇｯｸ側からの固定棚板,材工　ｱｲｶ ﾎﾟｽﾄﾌｫｰﾑｶｳﾝﾀｰ KLA□4DV,枚,15700,22500,※新規追加
90001,外壁 出隅ｺｰﾅｰ,KMEW L出隅/ﾆﾁﾊ同質出隅/鋼板,ｍ,3400,4900,ｺｰﾅｰ役物長から集計
90002,破風･鼻隠し,SGL鋼板(ﾆｽｸｶﾗｰPro),ｍ,3000,4300,※新規追加
90003,残材処理費,,㎡,250,360,
90004,外壁 ｻｲﾃﾞｨﾝｸﾞ横張り 標準品,KMEWﾈｵﾛｯｸ光ｾﾗ18(ｾﾗﾄﾋﾟｱ以外) WM防鼠付ｽﾘﾑ水切,㎡,5200,7500,立体ﾃﾞｰﾀから集計(外部壁面積)
90005,軒天,ｱｽﾉﾝ8㎜　ｶﾗｰ品(ｴﾝﾎﾞｽ程度),㎡,2500,3600,※新規追加
90006,ｵｰﾊﾞｰﾊﾝｸﾞ水切り,WMｽﾘﾑｵｰﾊﾞｰﾊﾝｸﾞ,ｍ,3350,4800,
100001,基礎巾木 防蟻弾性ﾓﾙﾀﾙ塗り,,式,0,0,中間階層
100002,玄関･ﾎﾟｰﾁ ﾀｲﾙ下地,均しﾓﾙﾀﾙ程度　17.5㎡以下,式,35000,50000,
100003,基礎巾木　CTﾊﾞﾘﾔ,下地調整材,ｹｰｽ,4000,5800,
100004,基礎巾木　CTﾊﾞﾘﾔ,本塗材,ｹｰｽ,17500,25000,
100005,基礎巾木　CTﾊﾞﾘﾔ,ﾄｯﾌﾟｺｰﾄ,ｹｰｽ,9000,12900,
100006,基礎 ﾓﾙﾀﾙ刷毛引き,防蟻弾性ﾓﾙﾀﾙ塗布 材工,㎡,4000,5800,立体ﾃﾞｰﾀから集計(外部巾木面積)
110001,玄関･ﾎﾟｰﾁ ﾀｲﾙ貼り,標準ﾀｲﾙ 300角　材工,㎡,15360,22000,
120001,室内木部塗装,20m又は㎡以下,式,30000,42900,※新規工事種別
130001,ﾀﾀﾐ,半帖（特寸）へり無し 和紙表（銀白/清流）,枚,15000,21500,※新規追加
130002,ｸﾛｽ工事(一般部),壁･天井 SP級(無地)　収納6/ｱｸｾﾝﾄ4以下,坪,14800,21200,
130003,ｸﾛｽ工事(小屋裏収納部),壁･天井 SP級(無地),坪,8000,11500,
130004,ｸﾛｽ工事,収納追加,ヶ所,16500,23600,
130005,ｸﾛｽ工事(下り天井部),追加手間,ｍ,1000,1500,
130006,ｷｯﾁﾝ･ﾊﾟﾝﾄﾘｰ　ﾌﾛｱﾀｲﾙ工事,,式,59000,84300,※新規追加
140001,ｷｯﾁﾝｾｯﾄ　壁付型　I-255　,標準【ｵﾘｼﾞﾅﾙ/ES/Bb/ｵﾌｪﾘｱ】　ｷｯﾁﾝﾊﾟﾈﾙ共,ｾｯﾄ,360000,514300,
140002,ミニキッチン　,LIXILﾐﾆｷｯﾁﾝ16,ｾｯﾄ,120000,171500,
140003,サイドフード,※予算組のみ,ヶ所,126000,180000,
140004,ｶｯﾌﾟﾎﾞｰﾄﾞ,予算組,ヶ所,175000,250000,※単価更新
140005,ｷｯﾁﾝ標準水栓:ﾀｶｷﾞ浄水器内蔵ﾀｯﾁﾚｽ水栓,『LC(ﾒｯｷ)』節湯A1+C1+B LC122M,ｾｯﾄ,39500,56500,
140006,UB 1620,TOTO『ｻｻﾞﾅ(S)』/LIXIL『AX』/Panasonic『ｵﾌﾛｰﾗ』,ｾｯﾄ,352000,502900,
140007,UB 1616,TOTO『ｻｻﾞﾅ(S)』/LIXIL『AX』/Panasonic『ｵﾌﾛｰﾗ』,ｾｯﾄ,260000,371500,※サイズ追加
140008,ﾀﾝｸﾚｽﾄｲﾚ　ＬＩＸＩＬ,ﾍﾞｰｼｱﾊｰﾓJﾀｲﾌﾟ J3G,ｾｯﾄ,97900,139900,
140009,ﾄｲﾚ:TOTOｼｬﾜｰﾄｲﾚ一体型,ZJ2,ｾｯﾄ,63150,90300,※新規追加
140010,ﾄｲﾚ:Panasonicﾀﾝｸﾚｽﾄｲﾚ,ｱﾗｳｰﾉ S160ｼﾘｰｽﾞ ﾎﾜｲﾄ,ヶ所,104000,148600,※新規追加
140011,造作洗面化粧台,予算組※詳細は打合せによる,ｾｯﾄ,210000,300000,※単価更新
140012,造作手洗い（ホール）,予算組※詳細は打合せによる,ｾｯﾄ,140000,200000,
140013,ﾀｵﾙ掛け,標準品,ヶ所,5000,7200,部屋(ﾄｲﾚ)数を集計
140014,ﾍﾟｰﾊﾟｰﾎﾙﾀﾞ,標準品,ヶ所,3000,4300,部屋(ﾄｲﾚ)数を集計
140015,給水栓付き洗濯ﾊﾟﾝ,ﾀﾌﾞﾁ SP1391NJ+HPY/T-50W 640×640×120,ｾｯﾄ,10100,14500,
140016,ﾋｰﾄﾎﾟﾝﾌﾟ式給湯器（Aｼﾘｰｽﾞ）,ｴｺｷｭｰﾄ角型460L 高圧型 ｺﾝｸﾘｰﾄ架台,ｾｯﾄ,417750,596800,
140017,ﾋｰﾄﾎﾟﾝﾌﾟ式給湯器（Aｼﾘｰｽﾞ）,ｴｺｷｭｰﾄ角型370L 高圧型 ｺﾝｸﾘｰﾄ架台,ｾｯﾄ,395200,564600,※容量追加
140018,ﾄｲﾚ手洗い,LIXIL　ｺﾌﾚﾙｽﾘﾑ壁付　ﾊﾝﾄﾞﾙ水栓,ヶ所,42300,60500,
150001,給排水基本工事,給排水6ヶ所以下･給湯3ヶ所以下･機器取付,式,170000,242900,
150002,給排水配管追加工事,,ヶ所,25000,35800,
150003,給湯配管追加工事,,ヶ所,10000,14300,
160001,仮設電気,,式,45000,64300,
160002,片切ｽｲｯﾁ,ﾎﾀﾙ,ヶ所,2200,3200,
160003,3路4路ｽｲｯﾁ,ﾎﾀﾙ,ヶ所,2500,3600,
160004,電灯配線,,ヶ所,2200,3200,
160005,一般ｺﾝｾﾝﾄ,2口,ヶ所,2200,3200,
160006,E付標準ｺﾝｾﾝﾄ,UB･冷蔵庫･ﾚﾝｼﾞﾌｰﾄﾞ･WC･洗濯機･その他,ヶ所,4500,6500,
160007,E付専用ｺﾝｾﾝﾄ,電子ﾚﾝｼﾞ･食洗機,ヶ所,6500,9300,
160008,E付専用ｺﾝｾﾝﾄ,IH用,ヶ所,6500,9300,
160009,自動水栓用ｺﾝｾﾝﾄ,E付100V,ヶ所,4500,6500,
160010,ｴｱｺﾝ用ｺﾝｾﾝﾄ,,ヶ所,6500,9300,
160011,TV配線,,ヶ所,8500,12200,
160012,AV配管,壁掛TV用 φ36 ※壁下地工事別途,ヶ所,8000,11500,※新規追加
160013,防水ｺﾝｾﾝﾄ,,ヶ所,5300,7600,
160014,TEL･INT用引込配管工事,φ22 ｼﾝｸﾞﾙ配管,式,5000,7200,
160015,LAN配線(ﾓｼﾞｭﾗｼﾞｬｯｸ付）,CAT6 ※配管工事別途,ヶ所,7500,10800,
160016,火災警報器(煙感知型),連動型 Panasonicけむり当番　黒/白/ﾍﾞｰｼﾞｭ,ヶ所,7000,10000,
160017,火災警報器(煙感知型),取付費,ヶ所,800,1150,
160018,ﾎｰﾑ保安灯,Panasonic WTF4088W/F/H･WT,ヶ所,7000,10000,
160019,ｴｱｺﾝｽﾘｰﾌﾞ･ﾀﾞｸﾄ周り工事,,式,35000,50000,
160020,省令準耐火対応ﾌﾟﾚｰﾄ,,式,10000,14300,
160021,ﾃﾚﾋﾞﾄﾞｱﾎﾝ,ｱｲﾎﾝ JS-12E,ｾｯﾄ,10300,14800,
160022,ｲﾝﾀｰﾎﾝ取付費,,ヶ所,3000,4300,
160023,幹線引込・分電盤,,式,150000,214300,定数1式
160024,太陽光対応分電盤変更,,式,32000,45800,
160025,スマートコスモ分電盤変更,太陽光対応分電盤からの差額,式,60000,85800,
160026,HEMS本体,Panasonic　AiSEG3（ｹﾞｰﾄｳｪｲ）,台,40560,58000,
160027,HEMS設定,,式,26600,38000,
160028,電力会社申請費,,式,20000,28600,定数1式
170001,熱交換型第一種24時間換気ｼｽﾃﾑ,【本体】Panasonic（63㎡以下）小1,ｾｯﾄ,103600,148000,
170002,熱交換型第一種24時間換気ｼｽﾃﾑ,【本体】Panasonic（103㎡以下）大1,ｾｯﾄ,114800,164000,
170003,熱交換型第一種24時間換気ｼｽﾃﾑ,【本体】Panasonic（123㎡以下）小2,ｾｯﾄ,114800,164000,※面積帯追加
170004,熱交換型第一種24時間換気ｼｽﾃﾑ,【本体】Panasonic（162㎡以下）小1大1,ｾｯﾄ,134400,192000,
170005,熱交換型第一種24時間換気ｼｽﾃﾑ,【本体】Panasonic（202㎡以下）大2,ｾｯﾄ,229600,328000,
170006,熱交換型第一種24時間換気ｼｽﾃﾑ,【ﾀﾞｸﾄ材等】断熱防火ﾀﾞｸﾄ使用,坪,2030,2900,
170007,熱交換型第一種24時間換気ｼｽﾃﾑ,取付施工費(基本ｾｯﾄ・2台以下),式,130200,186000,
170008,熱交換型第一種24時間換気ｼｽﾃﾑ,電源工事 単相100V,ヶ所,2200,3200,
170009,局所換気用壁付換気扇,Panasonic　FY-08PPR9D　気密ﾀｲﾌﾟ,台,9900,14200,
170010,局所換気用壁付換気扇,壁付ﾀｲﾌﾟ取付費,ヶ所,3000,4300,
170011,局所換気用壁付換気扇,電源工事 単相100V,ヶ所,2200,3200,
170012,局所換気用壁付換気扇,汎用壁ｽｲｯﾁ,ヶ所,2200,3200,
170013,屋外ﾌｰﾄﾞ:φ100 一般用,FP-100□□T 金網無し･ｶﾗｰ品 ※24H用,個,890,1300,
170014,屋外ﾌｰﾄﾞ:φ100 準防火用,FPD-100 金網無し･ｶﾗｰ品（防火ﾀﾞﾝﾊﾟｰ付き）,個,2030,2900,
170015,屋外ﾌｰﾄﾞ:φ150 一般用,FP-150□□T 金網無し･ｶﾗｰ品 ※24H用,個,2750,4000,
170016,屋外ﾌｰﾄﾞ:φ150 準防火用,,個,6000,8600,
180001,富士通ゼネラル　ノクリア　VHシリーズ5.6ｋｗ(200V),AS-VH565S2　LDK用(18畳用)　※標準工事費込,台,132000,189000,
180002,富士通ゼネラル　ノクリア　VHシリーズ4.0ｋｗ(100V),AS-VH405R　LDK用標準機種　※標準工事費込,台,122000,175000,※新規追加
180003,富士通ゼネラル　ノクリア　VHシリーズ2.8kw(100V),AS-VH285R　寝室用標準機種　※標準工事費込,台,106000,152000,※新規追加
180004,富士通ゼネラル　ノクリア　VHシリーズ2.2kw(100V),AS-VH225S　寝室用(6畳用)　※標準工事費込,台,86000,123000,
180005,※エアコン仕様は要打合せ,,,0,0,
180006,無線LANアダプター,"W,VH,RH,CHシリーズ対応",個,3500,5000,
180007,標準外工事,2階から1階への延長配管,ヶ所,10000,14500,
180008,標準外工事,曲がり1カ所,ヶ所,2000,2900,
180009,ｴｱｺﾝ用隠ぺい配管,配管延長3M,ヶ所,39000,55800,
190001,太陽光発電システム工事,長州産業 5.09kw等,式,687150,981700,※新規工事種別
200001,ﾕｰﾃｨﾘﾃｨｰ　ｶｳﾝﾀｰ W1.0m以下　材工,ゴム集成又はﾎﾟｽﾄﾌｫｰﾑKAA相当,ヶ所,25600,36600,
200002,ﾃﾞｨｽﾌﾟﾚｲ棚　ｶｳﾝﾀｰ W2.0m以下　材工,ゴム集成又はﾎﾟｽﾄﾌｫｰﾑKAA相当,ヶ所,40000,57200,※新規追加
200003,ﾋﾟｱﾉ室　ｶｳﾝﾀｰ W2.0m以下　材工,ゴム集成又はﾎﾟｽﾄﾌｫｰﾑKAA相当,ヶ所,40000,57200,
200004,脱衣室造作棚,予算組,式,70000,100000,
210001,清掃工事,,㎡,310,450,
210002,天井点検口,450角　材工,個,14000,20000,各階に1個で集計
210003,床下点検口,600角　材工,個,23000,32900,内部S 床下点検口数から集計 ※ない場合1個
210004,室内物干し金物:KACU 146U-BK/WH,ｱﾙﾐ製 材工,ｾｯﾄ,9600,13800,
210005,室内物干し金物:ﾎｽｸﾘｰﾝ SPC-W×2本,ﾘﾝｸﾞﾀｲﾌﾟ 材工,ｾｯﾄ,12400,17800,※新規追加
220001,屋外給排水工事,,式,536520,775600,※物件別設定
220002,●共通仮設工事,敷地乗り入れ養生・安全対策追加分等,式,272952,401700,※物件別設定
220003,ガス工事,,式,117810,169950,※新規追加
230001,コーディネート費用,200㎡未満,式,35000,50000,
230002,設計申請費,確認申請・長期優良住宅・住宅性能評価・BELS 申請費,式,854000,1220000,
